title,url,thumbnail_url,channel_name,num_views_total,hours_uploaded,description
The Weeknd - Sacrifice,https://www.youtube.com/watch?v=VafTMsrnSTU,https://i.ytimg.com/vi/VafTMsrnSTU/hqdefault.jpg?sqp=-oaymwEcCPYBEIoBSFXyq4qpAw4IARUAAIhCGAFwAcABBg==&rs=AOn4CLC4sdAO51i7XtmuVVcwef4PlARBRw,The Weeknd,3.1M,19 hours ago,"*****EPILEPSY WARNING ******** *****EPILEPSY WARNING ******** *****EPILEPSY WARNING ******** Official music video for The Weeknd “Sacrifice”. Available now, on ‘Dawn FM’: http://theweeknd...."
When Mike Tyson Lost His Control,https://www.youtube.com/watch?v=foTVb467JTY,https://i.ytimg.com/vi/foTVb467JTY/hqdefault.jpg?sqp=-oaymwEcCPYBEIoBSFXyq4qpAw4IARUAAIhCGAFwAcABBg==&rs=AOn4CLCjMS5Z-zCETtznws3fYSsjLGFjIw,Florid Miston,1.1M,21 hours ago,Mikes Tyson loses his control while fighting against Lou Savarese in 2000. Mike Tyson hits the referee and didn't stop even after stopping the bout and this fight became his 2nd shortest fight...
"The Call | Season 2022 Cinematic - League of Legends (ft. 2WEI, Louis Leibfried, and Edda Hayes)",https://www.youtube.com/watch?v=mDYqT0_9VR4,https://i.ytimg.com/vi/mDYqT0_9VR4/hqdefault.jpg?sqp=-oaymwEcCPYBEIoBSFXyq4qpAw4IARUAAIhCGAFwAcABBg==&rs=AOn4CLCGhZYGpOUK5-lMiwCRZJZ7LC70pw,League of Legends,5.1M,1 day ago,For the fallen. For the deserted. For the downtrodden. And for those who will rise again. Season 2022 is here. How will you answer the Call? Video created in partnership with Unit Image...
Crystal Cliffs Academy | Ep. 26 | Minecraft Empires 1.17,https://www.youtube.com/watch?v=DbexJR65Z6M,https://i.ytimg.com/vi/DbexJR65Z6M/hqdefault.jpg?sqp=-oaymwEcCPYBEIoBSFXyq4qpAw4IARUAAIhCGAFwAcABBg==&rs=AOn4CLAe4hQVDYlA-9VaibP_lR048L15ZA,LDShadowLady,687K,18 hours ago,Please *boop* the like button if you enjoy the video! :) Empires SMP is a 1.17 vanilla server with some other fun Minecraft Youtubers! Each player chooses a biome to rule over and builds their...
SZA - I Hate U (Visualizer),https://www.youtube.com/watch?v=xEAEDKzjQTY,https://i.ytimg.com/vi/xEAEDKzjQTY/hqdefault.jpg?sqp=-oaymwEcCPYBEIoBSFXyq4qpAw4IARUAAIhCGAFwAcABBg==&rs=AOn4CLBiUHEaBZat7AcHV1Hc2kHc-Y-mIg,SZA,348K,22 hours ago,SZA – “I Hate U” out now: https://smarturl.it/SZAIHateU CREDITS: Directed by Jack Begert Starring: LaKeith Stanfield Prod. Co: Psycho Films Producer: Sam Canter Co-Producer: Eric Hersey...
We broke up,https://www.youtube.com/watch?v=UY5YSOm8Ixk,,OKbaby,290K,19 hours ago,"-- SHOP MY BRAND (Use code ""youtubesentme"" for 20% off) https://www.babybykyra.com --- SOCIAL MEDIA Kyra: Instagram- https://www.instagram.com/okbabyyt/ TikTok- https://www.tiktok.com/@kyrasivertso..."
"This ""demon"" still lives among us",https://www.youtube.com/watch?v=pfnbgIkT_jk,,MrBallen,1.3M,1 day ago,"Use code MRBALLEN16 for up to 16 FREE MEALS + 3 Surprise Gifts across 6 HelloFresh boxes plus free shipping at https://bit.ly/3svAQyj This is Part 18 of the series: ""Top 3 stories that sound..."
'Cobra Kai' Cast Break Down the Prom After Party Scene from Season 4 | Vanity Fair,https://www.youtube.com/watch?v=KU6Gk0iQHI4,,Vanity Fair,452K,22 hours ago,"In this episode of ""Notes on a Scene,"" Peyton List, Tanner Buchanan, Xolo Maridueña, and Mary Mouser break down the prom after party scene from season 4 of 'Cobra Kai.' 'Cobra Kai' Season..."
Gunna & Future - pushin P (feat. Young Thug) [Official Audio],https://www.youtube.com/watch?v=9g08kucPQtE,,Gunna,825K,1 day ago,"The official audio for Gunna & Future's ""pushin P"" featuring Young Thug from his album 'DS4EVER' - Out Now! Stream 'DS4EVER' on all platforms: https://gunna.ffm.to/dripseason4 Subscribe: https://g..."
offline tv house tour,https://www.youtube.com/watch?v=p1mJX_KOE3c,,LilyPichu,482K,21 hours ago,Stay tuned for my next video on my brand new exciting room tour!!! ❀WEBSITE - https://www.lilypichu.com ❀SHORTS CHANNEL- https://www.youtube.com/lilypi2 ❀LilyPichuVoDs - https://www.youtube...
When Trilinguals Can't Remember a Word,https://www.youtube.com/shorts/N7Sik4XEugg,,Loic Suberville,1.6M,1 day ago,Thank you Vita App for Sponsoring this video! You can Download the app here: (https://vita.onelink.me/8u5N/736d96a2) #VITA #videoediting #howto
